Full Name,Email ID,College,Department,Roll Number,Role
ROHIT VERMA,rohit.verma@gmaill.com,Apex Institute of Technology,copmuter sci,CS2026-001,1st
anjali gupta,anjali.g@yaho.com,Apex Institute of Technology,ece,EC2026-002,runner up
   Vikram Patel   ,vikram.p@apex.edu,Apex Institute of Technology,infotech,IT2026-003,participant
Priya Sharma,priya.s@gmaill.com,PES Institute,cse,CS2026-004,first place
Priya Sharma,priya.s@gmaill.com,PES Institute,cse,CS2026-004,first place
dr. rajesh khanna,rajesh.k@rediffmial.com,MIT Academy,mechnical,ME2026-005,Delegate
SNEHA REDDY,sneha.reddy@gmail.com,MIT Academy,ai&ds,AI2026-006,best innovation
Kiran Rao,kiran_invalid_email,Stanley Tech,civil engineering,CV2026-007,volunteer
,missing_name@apex.edu,Apex Institute of Technology,cse,CS2026-008,participant
Amit Kumar 123,amit.k@outlok.com,Apex Institute of Technology,electronics and communication,EC2026-009,attendee
Tarun Joshi,tarun.j@apex.edu,Apex Institute of Technology,cse,CS2026-010,Special Mention
Tarun Joshi,tarun.different_mail@apex.edu,Apex Institute of Technology,cse,CS2026-010,Special Mention
